,ShootFreshWeight_g.y.obs,ShootFreshWeight_g.CV1,ShootFreshWeight_g.CV2,ShootFreshWeight_g.CV3,ShootFreshWeight_g.CV4,ShootFreshWeight_g.CV5,TillerLength_cm.y.obs,TillerLength_cm.CV1,TillerLength_cm.CV2,TillerLength_cm.CV3,TillerLength_cm.CV4,TillerLength_cm.CV5,ShootDryWeight_g.y.obs,ShootDryWeight_g.CV1,ShootDryWeight_g.CV2,ShootDryWeight_g.CV3,ShootDryWeight_g.CV4,ShootDryWeight_g.CV5
GmWMC001,-0.0143563218315212,0.183189518486201,0.177993313128606,0.183545098310656,0.267772701038617,0.224084769090168,0.51374815816258,0.264022845620624,0.149694017721114,0.239508085144287,0.139780171414265,0.274921363656672,0.019954959351989,0.190509397819056,0.137816038789002,0.152977183362539,0.214587122429386,0.20033938543553
GmJMC002,1.54399905084849,0.253681958994634,0.271969752909833,0.196301292969626,0.24145355717905,0.229447342850286,1.55060191485198,0.258008056618138,0.239732257814722,0.305945265106892,0.205622903695643,0.26390683860564,1.68168803213622,0.239014660848411,0.289428473828187,0.240986262466704,0.179185043099547,0.287762281274885
GmJMC003,2.74987894608469,0.418479066821125,0.368355789963817,0.470631845548236,0.435982801468728,0.452897221241131,1.99496781057601,0.509800089802685,0.554495159254157,0.675558796557227,0.559350987322362,0.582875753880962,1.33859625527996,0.53283977204331,0.473490443525218,0.613712038490519,0.559112178815517,0.547386137351316
GmJMC004,1.20852870405345,0.223667699060021,0.0658495518092206,0.118648658432597,0.0266928414865698,0.115542571566736,0.661870123403922,0.403423562811848,0.261825648270204,0.37106839764094,0.251615718799364,0.341777565490598,0.939554815164624,0.25446862519871,0.109923011146864,0.170620958345674,0.087005674658651,0.106858987345631
GmJMC005,0.630846176367792,0.655518032030361,0.491751807261915,0.656600166485247,0.672095589253453,0.69620521664862,0.365626192921237,0.730249970854749,0.515078934069018,0.554060148718782,0.648502801878345,0.661909575284952,0.705621518510532,0.656007475702712,0.565237672411689,0.595684824221605,0.648676174907084,0.641818936629008
GmWMC006,-0.323754771848195,0.438477067094926,0.388239552801602,0.233351571844115,0.375456067995322,0.290834117412715,0.069382262438552,0.478636499829397,0.573160286413169,0.498195050340444,0.569742495320027,0.558444438184701,-0.246244998909563,0.411970692521238,0.360603384476444,0.358434138796701,0.486537269894796,0.42537936805044
GmJMC007,-0.648863100209406,0.438248668445635,0.54892310205028,0.469851430501685,0.427638181270673,0.344017918938767,-0.0787397028027911,0.420781558596593,0.474829761449228,0.424804769521325,0.343495367838691,0.53833941390611,-0.568911614984172,0.375841245439198,0.480187704043106,0.419620084365315,0.355905060201046,0.475928141875606
GmJMC008,-0.4584610114879,0.239732479790618,0.37396880701961,0.272752077009623,0.289159902450463,0.215023247805758,-0.523105598526819,0.401263464712483,0.448113616931,0.446081932282389,0.372338785749584,0.39448054450753,-0.189778341096507,0.261586395337516,0.319869169688766,0.35228425252708,0.29986777991199,0.196685582214368
GmJMC009,0.637322437888932,0.202807643098363,0.212091785348898,0.218467276034186,0.301007943183579,0.240489342837117,0.365626192921237,0.394530371170551,0.257777819875211,0.326892723696691,0.430122914728437,0.274876110486879,0.0844882825669106,0.241627609885149,0.157253499858458,0.183258521367957,0.25261708699963,0.224069969475579
GmWMC010,-0.299144978067864,-0.0714153232443087,-0.00551872300731155,-0.0170445583675612,0.0454665363732976,-0.00239163403220883,-0.819349529009504,-0.349712772322424,-0.30734112299619,-0.349334131154827,-0.326343563425546,-0.443008367355476,-0.101045021675989,-0.20095736318231,-0.0792366585388118,-0.152463852339752,-0.0120964627575782,-0.167222873820268
GmWMC011,0.233203718969816,0.43529373135407,0.22198803297992,0.473830193229683,0.510182476111719,0.360498244390528,0.365626192921237,0.374312058080223,0.163803739138708,0.510359633055797,0.392888133418301,0.265525970850353,0.310354913819137,0.475183689916454,0.196563767371476,0.431052758249998,0.582598565775225,0.355759604570097
GmWMC012,0.832905535827349,0.337854398997352,0.0774651182494816,0.163325472052321,0.231498640054192,0.211086984656544,0.51374815816258,-0.0497984679680298,0.101692071137357,-0.0678884753588652,-0.0607970593530228,0.0172593242024276,0.649154860697477,0.355280859685731,0.16264258183434,0.22469390847311,0.303596811523613,0.281916303795152
GmJMC013,-1.00764798848054,0.222893357278119,0.236755680463938,0.260671932652625,0.214950801959339,0.227142204187177,-1.55995935521622,0.197614880097047,0.270156781147841,0.265069703092791,0.201987333727744,0.190587830502657,-1.02871154289049,0.110653412939829,0.138865754745694,0.206545250797727,0.104028110315583,0.205182148855491
GmWMC014,1.58026611536687,0.368579579348788,0.299573456417093,0.445192617774971,0.363255140180639,0.338384936254436,1.10623601912795,0.42493467119918,0.216166842205232,0.362972104193937,0.350815965429293,0.332931446613888,1.89142133258472,0.388371940484464,0.280326499811581,0.456823985023281,0.42611913617112,0.469964397544372
GmWMC015,-0.95972365322411,-0.11948624860756,-0.103118952260276,-0.115445156630416,-0.083620939321134,-0.0776005969486287,-1.55995935521622,-0.230667785300487,-0.0840034937865122,-0.190264476088093,-0.171934153923897,-0.141656603873696,-1.23037817793712,-0.172409084558556,-0.0101136977085376,-0.108057565809903,-0.196377895250156,-0.151015782771043
GmJMC016,0.322576127961544,0.525771837710656,0.124252662043744,0.500200394223623,0.501579428675271,0.532872299464677,-0.226861668044134,0.343570851288072,0.151889647357316,0.352369546201426,0.457947601324889,0.426117142319145,0.447488225650846,0.473323729899888,0.230458785345065,0.428941342525987,0.46417508737472,0.505221423808722
GmJMC017,0.0972022270258835,0.356445751180301,0.404657109126779,0.434535468176507,0.491296209330599,0.384458676742931,-0.226861668044134,0.576876804849084,0.531239003750068,0.491316432760724,0.488898426768313,0.477555240634097,-0.31884498752635,0.3365558728228,0.294630280181115,0.411118189186538,0.460329489585006,0.454100161305981
GmWMC018,-0.743416518418045,0.314811395374938,0.277980271527648,0.25462655138934,0.313682025411415,0.350193717980518,-0.374983633285477,0.100647708773578,0.159669407812116,0.167089673682536,0.173016151982861,0.146673892434976,-0.617311607395363,0.213406344764963,0.264711188624297,0.147520536387907,0.233716124709988,0.330737042989625
GmWMC019,-0.857398721190104,-1.00757079436858,-1.04329790223701,-0.948015053615358,-1.07255810866925,-1.00042476662029,-1.55995935521622,-1.40094548303699,-1.51487392979736,-1.43597454875496,-1.408941632729,-1.40428779037972,-0.84317823864759,-1.16610114938366,-1.20757957584962,-1.14074006284286,-1.13204312596342,-1.13504683245183
GmWMC020,0.554426290418343,0.198483854679432,0.252115289324352,0.181936295766728,0.232352266567412,0.138430561129039,0.51374815816258,0.15634185867957,0.103136177470656,0.089059313675972,0.161091084452554,0.0924671509075705,0.229688259800485,0.190894094240198,0.218015676750629,0.189735363583861,0.121525617344249,0.167885220514229
GmJMC021,-0.0375040126138219,0.571021313292993,0.334611019503925,0.353429320572409,0.40838299981748,0.371667497936442,0.513748158162579,0.572645950957172,0.42135862383733,0.576178050095818,0.546975490734999,0.636890458699895,0.27002158680981,0.563208088959025,0.37477443133434,0.474607579052894,0.444842215761422,0.481880102865539
GmWMC022,-0.558195438913451,-0.0807174313793615,-0.00448210221492513,-0.0621999550742202,-0.0334488564108294,-0.00882719757517297,-1.41183738997487,-0.113889206263202,-0.159931314147284,-0.290388255955434,-0.198930668681136,-0.190536904982805,-1.09324486610541,-0.132563017807928,-0.0112863649549019,-0.133387995150488,-0.128208110888777,-0.0781545074793381
GmJMC023,0.28112805422625,0.623756708464022,0.575184310296935,0.636398313566098,0.587345773321402,0.660087951673181,0.809992088645265,1.04636103499164,0.789961648070887,0.958389918188371,0.883045178932384,0.945398559394805,0.350688240828463,0.743203346704986,0.681672025070547,0.884014699301052,0.709335076347402,0.874457605000343
GmWMC024,0.189165140626067,0.0360466772047822,0.065670721115912,0.0382575532244413,-0.0656742427029339,0.216058710501769,0.0693822624385515,-0.160219063086563,-0.165102047005053,-0.262030835186338,-0.160503466903697,0.200121405232432,0.0764216171650454,0.0849861825972605,0.0161633314519392,0.133799589990865,0.0373449416240931,0.206180817154735
GmJMC025,1.90666969603231,0.468890391659485,0.452409348237533,0.413880208381201,0.420076687960807,0.338448969024221,1.10623601912795,0.651604700479494,0.761191007880475,0.634658872570164,0.769301368425181,0.674322139419609,1.70588802834182,0.51707747038134,0.508837032669412,0.460895479660332,0.530485303674088,0.43122811667679
GmJMC026,0.296671081876985,0.428027338579561,0.470068092875943,0.379580069782359,0.432263127453613,0.35883412277559,0.0693822624385515,0.361811687146772,0.372510899999331,0.469576865377222,0.504648315596994,0.546416727796644,0.334554910024732,0.370936201386279,0.383939737559783,0.435798171415517,0.370818850900633,0.340501193664158
GmWMC027,0.189165140626067,0.347094547494505,0.268599376190633,0.259588613585186,0.270455774441407,0.308893086493788,0.217504227679894,0.498242568608536,0.32073568267799,0.463301409697995,0.407825212452013,0.484135574863051,0.189354932791159,0.333108894961811,0.31534278376385,0.335390280539787,0.282840901513342,0.357971319739469
GmJMC028,-0.231791858248012,0.402445907758394,0.605575280410093,0.400011794358052,0.357526974164235,0.334940026298816,0.661870123403921,0.410299396157661,0.622288036857066,0.423626532180084,0.386795296108588,0.435848737594559,-0.125245017881585,0.308784435245718,0.630820207543955,0.399082987579431,0.360906395594052,0.369244492241275
GmWMC029,0.848448563478085,0.368958364473128,0.360935909057932,0.421288158130573,0.362766808630459,0.306316754233055,0.958114053886607,0.927113665431549,0.869740139732802,0.890122466835893,0.904463983154668,0.903753854378649,1.23802143503364,0.774040138234486,0.726163880922789,0.694112498283986,0.747971147889355,0.728986759665678
GmJMC030,-0.391107891668048,0.23382637568601,0.142015855731406,0.14404496137241,0.206087258062432,0.192297864383913,0.217504227679894,0.245491840608543,0.27270142794122,0.27980241633863,0.341080663178186,0.280325486595721,-0.415644972348733,0.150783582539165,0.151089363980418,0.203973325385509,0.259734288123046,0.144711674868111
GmJMC031,-0.374269611713084,0.241419443960942,0.278618037958831,0.220528834949409,0.195969181056553,0.145798309224002,0.217504227679894,0.534035304242286,0.544467862312945,0.48203166655875,0.534408229334225,0.518664003927049,-0.222045002703967,0.314304542813464,0.320076048747897,0.259920430263466,0.267362575737311,0.29504823608152
GmJMC032,-0.553014429696539,0.173104807658608,0.122129645945813,0.218089617103609,0.064402195921106,0.114900164027462,-0.0787397028027911,0.211183349482565,0.189770939114254,0.212251309633567,0.154676713996233,0.181863531054012,-0.480178295563654,0.209987343401488,0.230277804906682,0.141283644569545,0.0271511670498123,0.179390363257334
GmJMC033,-0.392403143972275,0.972027446715602,1.09851853729733,0.730275064967641,0.96242124152495,0.925766083341827,0.069382262438552,0.926282835946296,0.974322115493269,0.874448461646116,0.952537850580215,0.877822142127906,-0.0365116984610675,0.827282508403855,1.01578757029848,0.861462040000705,0.980270345945798,0.888378438629307
GmJMC034,2.4455938384759,0.428764196748288,0.499942253473823,0.552109884543443,0.432371800358323,0.431517562658263,0.442717341100584,0.695035483890459,0.604884913192018,0.736504540724656,0.677697789680971,0.619825966633099,2.6465857147732,0.537208675718476,0.518174363470696,0.671409231801455,0.591232436656786,0.562518976249929
GmWMC035,0.699494548491872,0.228223438215122,0.144363975796476,0.246986840211551,0.164949036421712,0.165995249606074,0.958114053886607,0.249698967660644,0.123407966973241,0.141300769639883,0.166321831272906,0.0745175876777713,1.0605547961926,0.246622502221987,0.165765149351362,0.24098027240393,0.210173750571143,0.205516881430539
GmWMC036,-1.44932902422227,-0.967773184126581,-0.943245491657425,-0.716442044286555,-0.981422977188624,-0.973447815414681,-1.70808132045756,-1.48374566670071,-1.46778799364537,-1.24613788053026,-1.49501417994475,-1.49917997547885,-1.75471142905836,-1.05358121792804,-1.07709918411832,-0.77197316687279,-1.04405893041015,-1.06205274316414
GmJMC037,-0.620367549516391,0.272771040297219,0.311096224416429,0.313055933083538,0.374033746308892,0.26934300993789,0.0693822624385515,0.455717143473009,0.515067577479858,0.457277929421506,0.558359505664916,0.400062759397317,-0.552778284180442,0.411002383844777,0.38288249679314,0.441432509838869,0.399516835836969,0.288312005924812
GmWMC038,-0.954542644007198,-0.0252138997532021,-0.116096213774598,0.0255714792705598,-0.0507328830089431,-0.00352599676428961,-0.523105598526819,-0.431883158190139,-0.532029029471404,-0.514442143959126,-0.431468355326496,-0.402906152632703,-0.927059291207758,-0.17458208301249,-0.280837090240439,-0.150763665024343,-0.149044449462853,-0.199105409558829
GmJMC039,1.51550350015547,0.14647243233954,0.210580090132918,0.121818674486819,0.208890164430632,0.196233942973181,0.958114053886607,0.271893107866936,0.280271285256563,0.275564347061677,0.0889830199155943,0.272276770949175,0.786288172529185,0.124947926818532,0.183472905826934,0.125057183082826,0.157249587253882,0.152625992269618
GmJMC040,1.4054070542961,0.373091202729408,0.378504799716386,0.433659502457037,0.373025297365225,0.384919824301293,1.69872388009332,0.556081033028942,0.588544659584238,0.659822879476443,0.637950683576773,0.545084558690559,1.78655468236047,0.437758056925453,0.423117443354284,0.454686061885348,0.292508695913808,0.362931654498142
GmJMC041,0.716332828446836,0.417487772340794,0.3163493356672,0.331572860774415,0.349445373727307,0.38072228867528,1.55060191485198,0.448699720453286,0.343276289383736,0.392519401690433,0.463052581289363,0.419393887893361,0.850821495744107,0.396893889733666,0.333222030192839,0.455987817668335,0.480593839342562,0.552708653259237
GmWMC042,-1.25245067397962,-1.0039948449264,-0.984174695280671,-0.658260864610225,-0.983723901058958,-1.01079732229758,-1.70808132045756,-1.32432297841522,-1.31721707857871,-1.12798098885724,-1.3632327808684,-1.40648494297981,-1.49657813619867,-1.1203990688965,-1.09982817470812,-0.676047902909833,-1.14703364400964,-1.14509727443061
GmJMC043,0.576445579590219,0.609128604791673,0.509183414545157,0.531915705743602,0.516185026612529,0.558534240112448,1.25435798436929,0.729725423778559,0.680836997917824,0.723139166592221,0.76476541453364,0.662507261680236,1.14122145021125,0.868042233579123,0.764208767136915,0.796872929328351,0.733020092930274,0.763825880551296
GmJMC044,-0.628139063341759,0.596999894170255,0.502135972925678,0.574706487743145,0.546387073471217,0.578121265690441,0.0693822624385515,0.735433777991787,0.637954400905337,0.647861772006938,0.654261888504815,0.691018444518802,-0.439844968554328,0.63401677535808,0.541016941501138,0.608580035194415,0.58702563412457,0.674715953033495
GmWMC045,1.07900347363066,0.331600160149147,0.273618701741999,0.269377323579735,0.303071441548925,0.119131714432497,0.809992088645265,0.237434087971742,0.12779169504934,0.326778809485069,0.339078084599581,0.290809884028045,1.32675475445415,0.18383121258934,0.184961946127103,0.198783488602695,0.26569894138771,0.203197540331039
GmWMC046,-0.290078211938269,0.0477114409447476,0.105539423321829,0.0915291873442903,0.020395806193159,0.0576745800364752,-0.819349529009504,-0.295813033797953,-0.173276118449542,-0.292118280382277,-0.267351259606029,-0.328728513481075,-0.423711637750598,-0.0594786114121173,-0.0434613523071132,0.0828147879034234,-0.057170391677423,-0.0727357787687737
GmJMC047,0.5570167950268,0.425327083400392,0.410591522370024,0.472921851815094,0.433693963042652,0.463049723992471,1.25435798436929,0.546403819840039,0.494211714543657,0.53160190445834,0.520053363261612,0.521511748019651,0.59268820288442,0.444423107426433,0.561319213303843,0.538246130099273,0.554371433680463,0.582391801315936
GmWMC048,-0.378155368625768,0.267538204086231,0.323504902956668,0.370604500025557,0.254118476330505,0.332783382710123,-0.819349529009504,0.231318011768381,0.285412843117834,0.335915184692207,0.271656167159863,0.28412660983862,-0.367244979937542,0.380637815319141,0.291596663808888,0.35664096040126,0.346219971185394,0.263503742334816
GmJMC049,-0.318573762631283,0.372590495889497,0.345477158956519,0.359242332653643,0.390747723667841,0.308778948978548,0.217504227679894,0.365891136236834,0.296374413768703,0.381759868312792,0.337654177179705,0.32269610959001,-0.326911652928215,0.414635893679403,0.31937053392395,0.223232754811216,0.330155257567195,0.245248275813586
GmJMC050,-0.511566355961245,0.162310537397789,0.280899392529414,0.234087214615292,0.223502638599511,0.241781650010453,0.365626192921237,0.398925087166664,0.382862685661508,0.452691451911642,0.458786975921794,0.492677193569667,-0.480178295563654,0.230093353061965,0.285410875195543,0.31659876176797,0.293755922382661,0.339170612104681
GmJMC051,0.856220077303452,0.388549111602064,0.36382336236267,0.427020214675569,0.436890294252993,0.342546907488508,0.217504227679894,0.394142259546903,0.437363723809701,0.534794522743728,0.550046528994874,0.389921979019472,0.616888199090015,0.451144460127005,0.443573950842307,0.546118093646573,0.629234079736514,0.448804294387205
GmJMC052,-1.04002929608624,0.218995002251072,0.273355537090636,0.269125195147687,0.240767575281554,0.32494319872669,-0.0787397028027911,0.313246443790218,0.413378311240357,0.234644489125751,0.34815291395308,0.297281859734465,-0.851244904049455,0.277030138424082,0.311145844983613,0.284240301615114,0.296831117009468,0.341252785508224
GmJMC053,0.126993030023126,0.553634045417919,0.528807742788587,0.462835499788996,0.488720359633789,0.544475036893274,-0.226861668044134,0.753529490289351,0.554015262906171,0.649381669357812,0.776538562780555,0.734337732801958,0.0683549517631802,0.493789871285158,0.361758583618616,0.47951137135095,0.569218744621311,0.565265317232376
GmJMC054,2.70454511543671,0.635549963153528,0.533552950047723,0.664843141713621,0.631750501832092,0.622492343640708,1.55060191485198,0.644821740302523,0.843916759812819,0.856851503725043,0.759064017653366,0.738972676366429,2.85135451540668,0.627712511482595,0.701200091623933,0.826316424318015,0.74798325626482,0.771771598530997
GmJMC055,2.38461779629241,0.697825610425166,0.665074676127649,0.613904547213331,0.64518168703493,0.780450039258807,2.14308977581735,0.729542131091755,0.686355694660659,0.750367253143532,0.790968646340715,0.758100887474356,2.46415457611715,0.861102084164665,0.722902709975766,0.708991330517159,0.73200122993402,0.742048636683493
GmJMC056,0.573855074981763,0.345389428573431,0.436958637158893,0.362291879187187,0.356962908377032,0.387823484407079,0.661870123403921,0.436857873279429,0.488666884260255,0.436556680767275,0.382486182414237,0.392811563454994,0.552354875875094,0.430408071129862,0.386436901817828,0.292450509129887,0.390096963317923,0.297800498703616
GmJMC057,-0.924751841009956,0.330410812853479,0.295211863647399,0.24159356119491,0.398468349959812,0.313435672658771,-0.671227563768162,0.507915034924904,0.563015432032927,0.504828516760485,0.540198205642202,0.554967302574194,-0.87544490025505,0.320523620389237,0.281875768848941,0.39851516880589,0.445288541924015,0.476619194146591
GmJMC058,0.740942622227167,0.289703488408433,0.236025650251604,0.324514059911452,0.295347051382038,0.246026964664541,-0.819349529009504,0.388214159072448,0.447012193939824,0.51195404337467,0.404043427873823,0.360752172563952,0.447488225650846,0.320858829780478,0.348985794866113,0.420803720583991,0.318549947902212,0.363474646454957
GmJMC059,0.997402578464297,0.349513995156241,0.267255184697527,0.395163850899572,0.167162808833387,0.422178707434106,0.661870123403922,0.343837947123735,0.374881389634493,0.491129195997344,0.398788145973096,0.411469857922722,0.81048816873478,0.312475894152775,0.24579618925152,0.447064992101814,0.279855523021277,0.354955233582774
GmJMC060,-0.0750663294364315,0.429716043547036,0.512337031463977,0.251900142508078,0.624931458906417,0.360127600236547,1.10623601912795,0.631362796158426,0.755239403517218,0.539832770749009,0.706706334440253,0.641138276611307,0.165154936585563,0.500668547441881,0.697177394281667,0.316838125208495,0.703578399064746,0.517891915785866
GmJMC061,-0.553014429696539,0.428674336992972,0.39663598995502,0.324836483687996,0.456551689616593,0.334856234555507,0.513748158162579,0.621044799365698,0.675008927781053,0.587595841572298,0.668761750648941,0.725750697183387,-0.48824496096552,0.465776683139287,0.442047343159046,0.496736853843751,0.541282756362636,0.498709078358833
GmJMC062,-0.769321564502604,0.36027109845796,0.516744000421297,0.231569866532932,0.368097361535748,0.375440638363683,-0.671227563768162,0.514528299279228,0.611139043796761,0.523042676383043,0.536734802800127,0.563408691190671,-0.827044907843859,0.462144614389808,0.554367954374218,0.349864249520709,0.383534938409452,0.375597730889242
GmJMC063,-0.857398721190104,0.794501314217347,0.76983762824171,0.974031290514612,0.809358634777456,1.13078300050895,-0.0787397028027911,0.704286298611437,0.638895723612396,0.79702715651543,0.640440952966258,0.832675629544416,-0.85931156945132,0.71614357989528,0.797779641382775,0.861817413039197,0.784462195608077,0.999499807218844
GmJMC064,0.721513837663747,0.297244826255088,0.181213617238098,0.187319647663667,0.173667852224376,0.196005616741084,0.51374815816258,0.510973097401642,0.568746208640205,0.608565136477531,0.448501357649956,0.466225077092559,0.915354818959028,0.281142739762001,0.410163541962038,0.312275444228929,0.384854432651531,0.239400436096495
GmJMC065,2.44160889767844,0.442426133905672,0.339575807294648,0.49158630360105,0.458789565622831,0.466215764455904,1.84684584533466,0.726867301458413,0.535930441721714,0.584096156491055,0.728162678109772,0.64085414515273,2.36735459129477,0.521390364255715,0.518055175201491,0.475418281518071,0.47252077432679,0.480124034943206
GmWMC066,1.03107913837422,0.194261213111999,0.345073721043141,0.152023103064985,0.217189150962025,0.11123299717212,0.217504227679894,0.257734999787357,0.280667240424314,0.152641142925636,0.256230508644506,0.192226115940016,1.05248813079074,0.148511467650668,0.33524055446256,0.147190152920295,0.182739253114084,0.189855324695664
GmJMC067,-0.137238440039372,0.273698427269318,0.455810285779487,0.385945576156212,0.492667910043803,0.515859786559867,1.10623601912795,0.393870274121049,0.477537820536258,0.460368597631139,0.445953793812898,0.557241607140896,-0.13331168328345,0.309416187979037,0.466768061942505,0.522506817046279,0.410561692448514,0.469294724447807
GmJMC068,-0.255106399724114,0.669327306618935,0.825386766037119,0.740035404626119,0.73337471609416,0.708668415718237,0.661870123403922,0.718865702031165,0.83591805691631,0.811471572597767,0.702816847336106,0.800000232534294,0.342621575426598,0.74297877633728,0.886976452213196,0.687562009181465,0.826323900795933,0.786560198972675
GmJMC069,1.05827943676301,0.432108668486853,0.487350930980223,0.379587745711394,0.23033322273089,0.234854843960716,1.25435798436929,0.373699728842077,0.433904683124926,0.441259105099207,0.350242914431023,0.262999145042619,1.455821400884,0.341096682934768,0.406953174565154,0.356032946589283,0.341696382903093,0.358980251674052
GmWMC070,-0.586690989606465,0.0685384697665339,-0.0466872420019324,-0.0208813266529379,-0.0839144071969831,0.0843649932938132,-0.819349529009504,-0.354207915413675,-0.273732699140741,-0.406087040300154,-0.294034101542614,-0.348602012434605,-0.520511622572981,-0.106049654535924,-0.151122231006106,-0.182395920367814,-0.132492823356724,-0.0950596509766754
GmWMC071,0.879534618779555,0.111626593467273,0.0377423532450681,0.145215081162594,0.11441536625585,-0.036719437417063,-0.226861668044134,-0.0675224220329707,-0.0753781086686885,-0.0335980191211662,-0.0210625312113365,-0.0368049964353418,0.495888218062037,-0.0558121470587921,-0.140883394091976,-0.0230956598894186,0.0646938060773436,-0.0709569190323637
GmWMC072,-0.117809655475953,-0.127182380174639,-0.172112298765849,-0.160127529809693,-0.147930469919487,-0.294884730709858,0.217504227679894,-0.406836726878209,-0.368963923620186,-0.413850148607321,-0.440425743439065,-0.399471269037417,0.503954883463902,-0.247613391042598,-0.172931660246895,-0.30683509076373,-0.261943938371802,-0.270674931832334
GmWMC073,1.46138259564799,0.599143893926094,0.553235219023222,0.575753429244418,0.58809428523522,0.650728997453229,1.77562430428602,0.792558884071651,0.626238952202432,0.651551933942161,0.625852438193195,0.667957861084649,2.23112722813875,0.630198000574251,0.576429010722964,0.56096715491861,0.60297535077478,0.674559084419896
GmWMC074,-0.916980327184588,-0.0986821740039093,-0.176281173718539,-0.183948550873721,-0.135291688044282,-0.257548433709427,-0.374983633285477,-0.138904267536861,-0.16703507278244,-0.233398044164777,-0.188709197257872,-0.192316285873202,-0.883511565656916,-0.244114125333495,-0.229773598501346,-0.199444615504167,-0.111719983199302,-0.281617957274264
GmWMC075,-0.331526285673563,0.232330694414695,0.153501075815844,0.195715798730911,0.11833672678868,0.183215123809846,0.809992088645265,0.205437468505303,0.227888809551023,0.0237682308352309,0.179670689180035,0.332560057294478,0.0683549517631802,0.285012698463975,0.250304139388127,0.169701707865561,0.279442113722236,0.198893415334517
GmJMC076,-0.198115298338086,-0.243281723045531,-0.258287604065456,-0.183620181829403,-0.210580412291039,-0.251238905172964,0.51374815816258,-0.00736604354449164,-0.0105440436899773,-0.0309469386475579,0.0108050306658156,-0.00317739136943666,-0.101045021675989,-0.223517262528136,-0.292033266795962,-0.235756901531196,-0.167253032705881,-0.319324246881989
GmJMC077,2.69288784469866,0.307068521089796,0.362531247628321,0.352424516837474,0.462581639637377,0.392815078585181,0.365626192921237,0.446125404241771,0.476318538665799,0.470814838462455,0.574996576921782,0.533563891649269,1.79462134776234,0.387224169702643,0.338011992572215,0.452662042466502,0.470703751678409,0.426966143222837
GmJMC078,0.448104536384989,0.0732842800511438,0.0363025449881723,0.190019825327096,0.246464087900544,0.11219731258606,1.40247994961064,0.303674425481596,0.286476414901955,0.366598082708933,0.506171731962952,0.3052791751332,0.834688164940376,0.295296343886551,0.0780500966164156,0.332670538880339,0.341778651815824,0.101514486797966
GmJMC079,1.61912368449371,0.735974437463787,0.603707310934828,0.838144296559485,0.599961897169087,0.805218848664672,1.40247994961064,1.04140175259351,0.809093745836911,0.979410701327163,0.57424841005788,0.907442131038873,1.64942137052876,0.894363421141202,0.709160015405682,0.821248729024799,0.584802083483576,0.859768982184464
GmJMC080,-0.751188032243413,0.505255144746024,0.503753543787949,0.539396637026627,0.30404805558068,0.312334615972672,-0.523105598526819,0.364144805905595,0.382692236694696,0.655768895396063,0.341751583950469,0.296584818033209,-0.407578306946868,0.469582699518182,0.505667510939425,0.589146802446939,0.40205585199912,0.423390394546775
GmJMC081,-0.147600458473196,0.443044640780499,0.496057074969107,0.303126999097154,0.358405718071476,0.346906375309427,0.958114053886607,0.654742050144821,0.554946754607777,0.535494453605384,0.640679433195942,0.558330631315315,0.294221583015407,0.459778303316248,0.493452429017591,0.358000392669554,0.473703920195717,0.522661769316013
GmJMC082,0.229317962057133,1.58483265591269,1.59176995205738,1.64702355586685,0.484274642259894,1.70632539994692,0.365626192921237,0.504933297356085,0.484219905293917,0.514192306324302,0.586441336059865,0.559500355622824,0.326488244622867,1.12206013149233,1.15260416582343,1.20185117125847,0.468543900500304,1.27492084573578
GmWMC083,1.05698418445878,0.0150953009761402,0.0944107161340828,0.0164359585843554,-0.0843554482660088,-0.0852025845714552,0.365626192921237,-0.0538679610027903,0.0724071218523994,-0.0705518654187173,-0.0989486629275529,-0.00251723788730681,0.79435483793105,-0.0285044609893989,0.166247057485337,0.096265641178455,-0.0243861406043232,-0.0838122085156355
GmWMC084,0.0311443595102589,-0.444666375002092,-0.406937354177505,-0.438044742839395,-0.5423608312158,-0.611615177454197,-0.967471494250847,-0.795963249774837,-0.808241700532979,-0.812507618864614,-0.74830134556957,-0.794211194420715,-0.230111668105833,-0.522790659694454,-0.526368640293759,-0.503703140792232,-0.601320612766895,-0.696144634525902
GmJMC085,1.35359696212698,0.202606401826,0.254636784360106,0.159881721755226,0.254166148574597,0.294110909584002,-0.226861668044134,0.313644278466866,0.433522690812201,0.334598292489033,0.273286036461011,0.329244778827578,0.996021472977681,0.275628473736024,0.320587867740603,0.174292529394933,0.228007737954672,0.195754183439915
GmWMC086,0.128288282327353,0.017644075617927,-0.00801597073940271,-0.048995704853511,-0.0562410040109847,0.0302324106052447,-0.671227563768162,-0.541807978738248,-0.520607203843702,-0.525032106664275,-0.453760761981909,-0.516529769179878,-0.48824496096552,-0.05408373834706,-0.119181123847678,-0.141373076065997,-0.152176800883569,-0.0990949246562652
GmWMC087,-0.670882389381281,-0.152233647330613,-0.11840340848009,-0.109980003109585,-0.160264682763089,-0.138509590393108,-0.226861668044134,0.0039755568252394,0.0659157950074196,0.0166192370911527,-0.111533391933585,-0.0752609216418583,-0.367244979937542,-0.0900965215696127,-0.0971295528543418,-0.114197066761048,-0.154346464059326,-0.0893840255627033
GmJMC088,-0.685130164727788,0.259472793650309,0.277405032111435,0.396026515175643,0.378817888582079,0.299304707743421,0.365626192921237,0.45085164070038,0.508816229438942,0.564580659074225,0.543787889654796,0.570278196965674,-0.697978261414016,0.354964552882501,0.436941483985656,0.487142494007276,0.505731739290024,0.455517266019927
GmWMC089,0.673589502407313,0.323868629611041,0.328720484794344,0.265969710755985,0.342858545564805,0.288204351712866,0.365626192921237,0.353685177742849,0.379478169774383,0.345509178829734,0.427454354790164,0.348995651842201,0.520088214267633,0.383015631025091,0.404174586025943,0.361636994796687,0.379882407459918,0.471237023702384
GmJMC090,2.23307327669774,0.642192359221929,0.639519773787432,0.684542002044154,0.526587939539726,0.761813076164189,3.17994353250675,0.572764218335034,0.697183391454576,0.690685149209977,0.55102558842215,0.704411282821032,2.10115463303322,0.622980756457634,0.67453214284965,0.74984397659665,0.550321422506626,0.785491539678178
GmJMC091,0.733171108401799,0.340157917663092,0.390874983692874,0.40860033191145,0.422316918843753,0.396788379942036,0.51374815816258,0.296712111705016,0.593672238843678,0.45915794274707,0.479194533860853,0.368334001464633,0.762088176323589,0.387268623714294,0.534406641625319,0.525085478605533,0.379920591281639,0.44855007427293
GmJMC092,2.63978250022532,0.826986085389901,0.813652310208011,0.815479807750295,0.920622810749829,0.9358642476036,3.17994353250675,0.908488276344059,1.01991001854601,1.0579559746989,1.14819434362275,1.14647981072281,3.02882115424772,0.882343387879477,0.776253717076612,1.03434523764439,1.00441657152614,0.968004837193654
GmJMC093,-0.0672948156110642,0.580618818968866,0.463861678716285,0.506759210735232,0.508298031343488,0.432319116337438,-0.226861668044134,0.490329130345697,0.504282372396258,0.53394421574215,0.439612199306031,0.45175801864033,-0.278511660517024,0.542813036311437,0.525692470536557,0.519634487582823,0.502134789806921,0.525013665369287
GmWMC094,-0.529699888220436,0.413711997025059,0.336559308378186,0.359002345603929,0.399108915958082,0.602633592030832,-0.523105598526819,0.414800843709849,0.334106959749801,0.428155094244605,0.408806046639824,0.557909340010645,-0.528578287974846,0.442376600489874,0.313051790527552,0.433296629256563,0.403854685928201,0.655538670536692
GmJMC095,-0.791340853674479,0.208975553850967,0.156447972687076,0.209284300576758,0.179354880687046,0.230527448371567,-0.819349529009504,0.266022837357253,0.234063976823226,0.261567068060333,0.29348744277765,0.211858421222014,-0.593111611189768,0.232493614582972,0.222496992999345,0.193521168004902,0.311396308477011,0.210682458164595
GmJMC096,0.559607299635256,0.352800934388844,0.541211206909135,0.412828234043811,0.535349961695343,0.526609288465251,0.280321324598768,0.520015951828532,0.390443866952897,0.363573815680898,0.497030116166817,0.527187378655231,0.189354932791158,0.45539856911497,0.608233949161427,0.540855633548786,0.625191945424346,0.679184463061596
GmJMC097,-0.638501081775583,0.0659637306627634,0.04720888885619,0.0682437089574638,0.143537876014261,0.00967245377803465,-0.0787397028027911,0.0739226533436681,0.0595789667597854,0.029760914163438,0.0403445919397264,0.0711637263876016,-0.375311645339407,0.260465172784328,0.132675335134552,0.107734112601202,0.210781204736422,0.115288371854906
GmJMC098,-0.709739958508119,-0.157615788831133,-0.147916996125097,-0.157368761643901,-0.135284521668352,-0.133087812629601,-0.523105598526819,-0.212455306006598,-0.3606061341211,-0.335626615234769,-0.207334321923802,-0.3515599285792,-0.520511622572981,-0.118757230139926,-0.149563039951519,-0.198268761134488,-0.146815452413294,-0.210071691785973
GmJMC099,0.0232421219259185,0.383292435550347,0.46304451070976,0.345877499293633,0.531893420039433,0.610253419348041,0.280321324598768,0.50683973190404,0.449893343109313,0.426810087709111,0.502421370667023,0.461673406402695,0.205768482036099,0.518811861139441,0.460993681168869,0.401996893484173,0.412450366272361,0.492418063535949
GmJMC100,0.0972022270258839,0.761160229981687,0.484035786924032,0.657420688475255,0.623383053308716,0.626647863162502,-0.574137520936807,0.574609285090623,0.529060534993703,0.600860721119525,0.521196728165001,0.59395387019013,0.100621613370641,0.681358342000244,0.476024232893922,0.70524386409681,0.527010475827988,0.663139347168444
GmJMC101,2.62423947257458,0.480270231404651,0.439242244942074,0.418575019009948,0.276355789503518,0.453771014756864,1.10623601912795,0.49174120483673,0.449432421003145,0.469171441238838,0.453031612198335,0.463981004056725,2.88362117701414,0.513506107340889,0.466666799146999,0.558079669352035,0.542723159704772,0.468870575936316
GmJMC102,1.81859253934481,0.533527378566836,0.721203167264038,0.45140461474261,0.45948466428846,0.445360467611339,3.0318215672654,0.712859636743071,0.774138049890385,0.627143782009025,0.65487142635208,0.715587935728269,1.85108800557539,0.605826649588923,0.717965725526414,0.520232227976329,0.552538171838847,0.563199798360189
GmWMC103,-0.935518193888798,0.114264350242158,0.0515643261735961,0.0908235987865252,0.119560923516904,0.0138937900356802,-0.671227563768162,-0.140490592431034,-0.168103395850437,-0.149449417120944,-0.154847053185836,-0.177320473883971,-0.891578231058781,0.0218237905787185,-0.12074267835249,0.00978548781255576,0.0519628576625738,-0.100155514345726
GmJMC104,0.993516821551613,0.895212458821953,0.95431592235529,0.996585754542053,0.939366748389592,0.961618845887075,1.69872388009332,0.926416072133363,0.964354870537444,1.0110964428342,0.991170996748648,0.929822541014185,1.19768810802431,0.957863496858836,0.894292960472982,0.922579916719284,0.986994498583673,0.833745881193955
GmJMC105,1.2849485900029,0.708988329743332,0.797169336417539,0.791244148337409,0.726119889935219,0.760284185991824,1.25435798436929,1.22039521708158,1.20732270181325,1.17880017341845,1.15985231488948,1.20266618148149,1.18962144262245,0.866553116751291,0.952067792231111,0.931775173800581,0.910922191677372,0.912275199106307
GmJMC106,-1.15012574194562,0.034287291672164,0.0775862539685037,0.0581653006510402,0.00953023576476037,0.0635784685353087,-1.70808132045756,0.0266560061011326,-0.0476911218620192,-0.114434368248586,-0.0734511581018988,-0.0941842806422214,-0.972244885077433,0.0389448180754092,0.000151879427220559,-0.00573273789786071,-0.0160192737739832,0.00132921620276437
GmWMC107,1.75771568104609,-0.206103765424711,-0.323886347452186,-0.246933063333388,-0.156685559303486,-0.217052331988401,0.0693822624385515,-0.586716539442755,-0.558441107833439,-0.586993901592264,-0.559623265605187,-0.574213220722646,1.41548807387467,-0.351836378147238,-0.344806239593419,-0.382795938452943,-0.323789941935975,-0.211638121329536
GmWMC108,-1.15142099424984,-0.337898197502988,-0.3043750413555,0.00730515750812241,-0.281252849831903,-0.243341702961081,-0.374983633285477,-0.271387595322132,-0.350318127597936,-0.319262488083168,-0.326995579965939,-0.316707417884216,-1.05291153909609,-0.368695234290335,-0.369147297381218,-0.225859821244903,-0.370768764047257,-0.351996465612819
GmWMC109,-0.900142047229625,-0.444904506162441,-0.401402271630794,-0.417985575369495,-0.457219796544726,-0.453672921799669,-0.374983633285477,0.195007810543284,0.140032428040756,0.103872444188128,0.085500979667255,0.139288104750813,-0.67377826520842,-0.353055781064867,-0.295914406898756,-0.318838132525689,-0.294872068311784,-0.340392396024937
GmJMC110,0.569969318069079,0.581006107125511,0.526101215114613,0.489952496114647,0.529455348688486,0.549581705099077,0.365626192921237,0.558181361950328,0.531407557526463,0.564371150921971,0.52261233294851,0.621569528670407,0.600754868286286,0.593441289265973,0.585519070432008,0.577505721891511,0.535510467017498,0.551182708334315
GmJMC111,1.45592189416099,0.519629850830337,0.474304991850886,0.55292204339523,0.470435012146981,0.522589916179344,1.40247994961064,0.570619243627571,0.529717376250444,0.558642873769918,0.459543040331118,0.57006558060234,1.66555470133249,0.506003815714664,0.499916211463588,0.447340724079358,0.476015499007879,0.410895876108724
GmJMC112,0.760371406790586,0.253828050412124,0.157511529696991,0.148537372020021,0.236997969139475,0.264781567091106,0.809992088645265,0.0535877924976913,0.187818057939203,0.150906322393709,0.229178201194045,0.131859628767514,1.25415476583737,0.183540941722824,0.297280812600532,0.152589677854202,0.268428881599549,0.244737746685556
GmWMC113,0.278911539476509,0.0965041146937004,0.121499716499245,0.140588829264382,0.128680935039146,0.138860269843859,0.280321324598768,-0.248820265077696,-0.18834476011365,-0.145387448068153,-0.198062610089547,-0.228789349162032,-0.114627251810648,-0.0282909013817514,0.0493620554625414,0.0583443355948681,0.0359355815461522,0.0376311177655722
GmJMC114,0.294080577268529,0.386992550168259,0.583250746639564,0.376505248812002,0.397334653514763,0.360490464651672,0.661870123403921,0.483252757968605,0.554645147155487,0.546593643739349,0.574365976421544,0.581546656290083,0.366821571632194,0.39677374580208,0.548155456587658,0.337551854559967,0.332037572363256,0.233985988282376
GmWMC115,0.567378813460623,0.0753784802679919,0.169209876001293,0.194684148990989,0.122996405729347,0.0208984106709685,0.51374815816258,-0.268678556701424,-0.267356979293947,-0.388319647200903,-0.234250614505996,-0.26045381314342,-0.181711675694642,-0.0132757300780044,-0.0547078773657314,0.128650982331384,-0.000327491890423377,-0.107147687839148
GmJMC116,-0.831493675105545,0.373767161111696,0.438745049926595,0.371338718720409,0.442314755702671,0.375412207461804,0.0693822624385515,0.404860501161666,0.550556048496871,0.577590156758093,0.517744238399538,0.540593299860177,-0.899644896460646,0.371265820038711,0.515129436513156,0.388351401481576,0.443357732323022,0.496757266200884
GmJMC117,-0.600938764952973,0.259843851196588,0.267428714591617,0.243066842458628,0.119999634183197,0.242814793952443,-0.523105598526819,0.361371784046034,0.43877390469998,0.524110396455267,0.315239844837366,0.476975187525009,-0.649578269002824,0.441801275307061,0.336114305967305,0.372268985666823,0.343617565214471,0.278541687654567
GmWMC118,0.941706729382496,-0.284492398708382,-0.281697673194953,-0.319294294988404,-0.255205650066429,-0.362232367360773,-0.671227563768162,-0.450210557241897,-0.418244512748412,-0.40958863236332,-0.367201696047508,-0.387439779228236,0.899221488155298,-0.396836518283736,-0.368038530153798,-0.309068685600313,-0.366380907217974,-0.448087056882329
GmWMC119,1.24868152548452,0.0082395201003277,0.0364776338439284,-0.0316897000935747,0.0293473084275221,-0.13535474264215,-0.226861668044134,-0.35926690541181,-0.26344086565075,-0.389934873425935,-0.320528418064711,-0.289850680652953,0.665288191501206,-0.147521440780326,-0.0773806821236058,-0.129529865233647,-0.115205610591888,-0.106417686315073
GmWMC120,-0.445508488445621,-0.430536917483022,-0.273052736336964,-0.34893558852749,-0.278039929235005,-0.30773315081337,0.0693822624385515,-0.0228570900495815,-0.0271089710825906,-0.0960292113615644,-0.262007474787796,-0.137526885494619,-0.593111611189768,-0.375432227513971,-0.223109114400886,-0.239231402132677,-0.30052351640589,-0.226010616619457
GmJMC121,-0.493432823702054,0.30280417446601,0.231257939750566,0.271976828276356,0.173016872852604,0.180796435315642,-0.0787397028027911,0.247967740282886,0.25802055959908,0.208061204461943,0.222647938283988,0.173662513227391,-0.47211163016179,0.259452218081628,0.233313998245092,0.259983899056286,0.230920134275819,0.239522225427935
GmWMC122,1.2758818238733,0.00766132281052508,0.023325957830224,0.0274963358978407,-0.0390444914535638,-0.0277141430090713,-0.0787397028027911,-0.172875982363007,-0.155436005567818,-0.15730770125402,-0.160375981642081,-0.184392238279821,1.06862146159447,-0.252074524197071,-0.159541955045895,-0.169652577666713,-0.244036089620125,-0.219264377396561
GmWMC123,0.799228975917423,-0.258568328783771,-0.254159724320616,-0.227174417996141,-0.24712657485742,-0.23803177749367,-0.967471494250847,-0.183730930138236,-0.306234650212008,-0.292399481793057,-0.284331789582179,-0.385103838006955,0.77822150712732,-0.0470324421977755,-0.0251453130234187,-0.000364129384369308,0.00493975203513535,-0.0312693893625687
GmWMC124,-0.871646496536611,-0.485728643361566,-0.606339945345947,-0.483519207964684,-0.489098989623978,-0.45983848927752,0.661870123403922,-0.221623939907452,-0.277196586794057,-0.164385062620215,-0.231620457276098,-0.258980689973894,-0.536644953376711,-0.407988155828171,-0.468527577569368,-0.413491674882735,-0.428642832746508,-0.39981336590189
GmWMC125,0.0156013318595239,-0.112275209012538,-0.212295962450432,-0.087746812872489,-0.0452125610641445,-0.167329737229868,-0.226861668044134,-0.389675194007243,-0.450723884558021,-0.400032691946923,-0.464769202529282,-0.429747765349348,0.560421541276959,-0.062347636120241,-0.103840860920183,-0.0869199747589276,0.0323628576931861,-0.0652178962318729
GmJMC126,-0.65274885712209,0.31458967246134,0.301021243495953,0.492893543749412,0.318216026303369,0.418577496566796,-0.523105598526819,0.362240971309372,0.299146434805097,0.370357191143956,0.329186582610322,0.440824487584616,-0.230111668105833,0.414798302952032,0.470867090827206,0.604216753304151,0.435749947170641,0.42144779070666
GmWMC127,-0.735645004592678,-0.0259727240680555,-0.0285243771720728,0.0135706222889033,-0.0228236047025663,-0.135724479964503,-0.671227563768162,-0.000127166540632963,0.0191169369025634,-0.00199586651144992,-0.00731194651357959,0.0370835695935679,-0.923844892666242,0.0382049142779076,-0.0079115666669209,-0.139112533204168,-0.0356373579665074,-0.0566186181137736
GmJMC128,-0.985628699308669,0.016963980305362,0.157880786524111,0.148138896613051,-0.00546876395461954,0.00186278222038949,-1.41183738997487,-0.162651389827785,-0.145198544092912,-0.26726255664061,-0.254235255709797,-0.206252258018813,-0.778644915432668,-0.0161396618438502,0.0324370925407014,-0.0765290249856878,-0.0587329534390858,-0.0877537617339906
GmWMC129,-0.510271103657017,-0.410498091414294,-0.366583994042891,-0.290657397834669,-0.283941548627538,-0.281883761252142,-0.0787397028027911,-0.217444571877706,-0.24289271958478,-0.348397849892615,-0.302213846518483,-0.122093726701538,-0.520511622572981,-0.41756041784749,-0.369081328594109,-0.249241488919694,-0.398538526582667,-0.20051775659934
GmJMC130,1.28753909461135,0.63355562560945,0.44056057267558,0.409735756835877,0.513985597353539,0.4712469834372,2.73557763678272,0.722700417683907,0.683309754033986,0.603434946405315,0.697153365508415,0.681833374947661,1.86722133637912,0.581684229711173,0.592335891546725,0.484108553465027,0.705744155708074,0.655532044640377
GmJMC131,-0.405355667014555,0.546396665519807,0.670605673326072,0.529209357201884,0.533483801995742,0.55972477123074,0.51374815816258,0.654699992449148,0.746487056545234,0.715489285616595,0.60089868682057,0.762168131038554,-0.367244979937542,0.517492804865915,0.702999635309613,0.637183544908132,0.669190296198571,0.587711955710601
GmWMC132,-0.606119774169884,0.39128290798017,0.31692977819901,0.349835052378092,0.420081030839548,0.264563739641667,-0.0787397028027911,0.494875202497795,0.633736661289131,0.550347190935658,0.610272491398425,0.533371580776627,-0.173645010292777,0.52726276712106,0.566818190764048,0.483728062780769,0.560796018439317,0.482819109056538
GmJMC133,0.152898076107685,0.389443173456745,0.36676191553537,0.266804907500015,0.502583022279862,0.410506529003266,0.069382262438552,0.441314013403783,0.440354949319241,0.310303601324604,0.297358933215311,0.159453744593176,0.181288267389293,0.332207718008931,0.361411115993441,0.22732980011741,0.424855534463822,0.356168462254392
GmWMC134,-1.6177118237719,-0.220358825799724,-0.211086990103303,-0.170378295535285,-0.191241579999208,-0.1347928161988,-0.819349529009504,-0.449478658253167,-0.468893766748473,-0.300639873749274,-0.509778765732474,-0.333191818907347,-1.56111145941359,-0.139414405043412,-0.284476218343881,-0.190077948369056,-0.130186050923254,-0.184413565686593
GmWMC135,1.16837588262238,0.196842578529031,0.0989528066045463,0.178541072390091,0.12402499421513,0.224792800260784,0.809992088645265,0.327655015688659,0.357898828543665,0.393413067072031,0.314602022529308,0.358266809563223,0.705621518510532,0.239014935960963,0.120738475523932,0.21904121502365,0.173206287956288,0.199935604755114
GmWMC136,-0.550423925088083,-0.0796055434035646,-0.0992276353916112,-0.181749129282602,-0.133823929701329,-0.165956557579065,0.513748158162579,-0.00460663546530948,0.0315748888360522,0.0220618534084582,0.0225000459349324,0.012608476987923,-0.383378310741272,-0.199543410177611,-0.240362059963688,-0.202442263186047,-0.244163620469822,-0.179479918199033
GmJMC137,-0.818541152063265,0.458359994922202,0.42016263440907,0.570157782135175,0.443081727855879,0.366345385953087,-0.967471494250847,0.432714562665326,0.454624082846703,0.421627166253032,0.322924674122346,0.406400595232266,-0.722178257619611,0.478260947527244,0.488324658602825,0.483795977062867,0.478902120265707,0.347767610687045
GmWMC138,-0.659225118643229,-0.808132837973664,-0.848571160567654,-0.599945565608102,-0.940204241596942,-0.925187344428812,-1.26371542473353,-1.44953205125492,-1.50260455327771,-1.25366041649924,-1.54816201642312,-1.49163836822527,-0.714111592217746,-0.880027008034779,-0.932003260810055,-0.680751675868033,-1.03365077097887,-0.921642533403533
GmJMC139,-0.731759247679994,0.218724595206996,0.0733447384855714,0.0663999342957518,0.136222968584028,0.300354129303783,0.513748158162579,0.25261984337625,0.177259260963463,-0.0778735069483789,0.0411994377125073,0.170588655665929,-0.641511603600959,0.374434621864742,0.185970884656985,0.0814201054616321,0.219050055999885,0.15128541514667
GmWMC140,-1.36384237214323,-0.31267152272872,-0.406638472261879,-0.299654792111479,-0.329279535746985,-0.376201247971223,-1.26371542473353,-0.38171515192288,-0.452459387654641,-0.428344847497047,-0.451021619531911,-0.364534644033293,-1.38364482057256,-0.42921034826347,-0.370938454753656,-0.468557195589645,-0.417015503380933,-0.313044535741007
GmWMC141,0.0453921348567662,-0.570950041339652,-0.452507587833013,-0.465774419882803,-0.551274810408764,-0.486759361644129,0.069382262438552,-0.560443117002371,-0.448551025191856,-0.505113865811848,-0.52059053279952,-0.517268706374612,-0.101045021675989,-0.510192035529593,-0.548036653568461,-0.55919315413111,-0.650779865100686,-0.513508974713029
GmWMC142,-1.30555601845297,-0.103287889553035,-0.212833221909141,-0.281735226030994,-0.168260395998008,-0.180866244986458,-1.11559345949219,-0.226589591869471,-0.269393011505385,-0.370621708901058,-0.283689974689937,-0.354113550843397,-1.50464480160054,-0.109497934335884,-0.334733118150223,-0.246947317391436,-0.205311903450984,-0.200346810339113
GmWMC143,-0.0232562372673142,-0.161239902592949,-0.184040072799838,-0.250983057680071,-0.181057329685899,-0.140489618022384,-0.819349529009504,0.0179365588063338,-0.00583032613542508,-0.134283754245356,-0.0988367073054832,-0.00777838190081743,-0.68991159601215,-0.216668740668437,-0.194207323888069,-0.152070172660709,-0.262561795767519,-0.210936345052145
GmWMC144,0.693018286970733,-0.197469230706079,-0.0948044521088229,-0.211866260380635,-0.193031704503109,-0.22863546486051,0.217504227679894,-0.138483826416223,-0.121048117874068,-0.0547859507193733,-0.180220451019245,-0.0706435978226277,0.770154841725454,-0.305248619190151,-0.151480039715581,-0.246615043512829,-0.209278237626173,-0.364134008374293
GmJMC145,-1.14753523733716,0.335357976300373,0.193684458505038,0.225063758034694,0.214729185002457,0.356345838247804,0.365626192921237,0.248548554264332,0.209973999376093,0.149908904811429,0.319812480162695,0.213741568520188,-0.827044907843859,0.314201470529336,0.196371260374006,0.294168524498659,0.362166426003413,0.330698896798332
GmWMC146,-0.435146470011797,0.171883087234633,0.222898538083453,0.17135316877138,0.226706714284825,0.14223844208433,0.217504227679894,-0.199026004463943,-0.136931599048909,-0.193087038476699,-0.21919784881712,-0.19507243518164,-0.706044926815881,0.0791765801896794,0.17948332560681,0.163536407730157,0.0487586352247017,0.0191343707951641
GmWMC147,0.0609351625075012,0.0265886354982492,-0.145254302089414,0.00751243089067634,0.0167693354348462,-0.0526859169850564,0.365626192921237,0.0729776257921916,0.0525355127641962,0.0902962981510922,0.0354775727530595,-0.020276483755548,0.350688240828463,0.0300136179769192,-0.0308703574922537,-0.0517464385051127,-0.00125851643502695,-0.0392600174006282
GmWMC148,-0.628139063341759,-0.156738786588585,-0.137396195515526,-0.1286681338747,-0.21303061889469,-0.193068838596556,-0.374983633285477,-0.399273491807059,-0.277959087717083,-0.405087492822972,-0.302255482410927,-0.339920110717323,-0.50437829176925,-0.0469422666948454,-0.104790859234977,0.0188243161280135,-0.071398834180762,-0.124223447895538
GmJMC149,-0.354840827149665,0.339911712669522,0.350669147837912,0.316764852372873,0.428178804092107,0.380415922323982,-0.671227563768162,0.397513163267522,0.52081000375025,0.397299291997189,0.467038735823829,0.442850595796368,-0.181711675694642,0.444366892876442,0.327841223817091,0.441941373009986,0.406154448178997,0.342004521790299
GmWMC150,-0.859989225798559,-0.484156739791264,-0.543908153034738,-0.59058065546073,-0.544761059625822,-0.539060844338711,-1.70808132045756,-1.08383732823388,-1.17169086559425,-1.14496966306471,-1.11179018362106,-1.07209985692927,-0.867378234853185,-0.526940724557683,-0.621951995900956,-0.568752305764912,-0.580722960249806,-0.588058454654479
GmWMC151,-0.863874982711243,-0.124971819158276,-0.246137472579077,-0.218390261008316,-0.185464416135814,-0.160315498586985,-0.374983633285477,-0.210792570777152,-0.237880960039003,-0.369804870075174,-0.352727456385865,-0.306751525921923,-1.1658448547222,-0.294739260296762,-0.292531473816056,-0.238289333005139,-0.326902760987023,-0.188840114090073
GmWMC152,-0.663110875555913,-0.198186185222395,-0.143006360381496,-0.141947382897152,-0.196128515372147,-0.0706789265302997,-0.671227563768162,-0.477707524241617,-0.429288802293636,-0.41630195119721,-0.503814069237376,-0.43505408027233,-0.480178295563654,-0.0427549674759275,-0.00558082988645535,0.0380447480964568,-0.183631176110791,0.0934856347167712
GmWMC153,-0.0698853202195201,-0.395365910489732,-0.425114288666386,-0.455529564938662,-0.425026968960491,-0.385346861933133,-0.374983633285477,-0.239692679238433,-0.355629710843579,-0.324586919257538,-0.227380346220426,-0.241045459978089,-0.0687783600685287,-0.4121604794472,-0.3824831692991,-0.446743634179718,-0.425155664271269,-0.451536830510532
GmWMC154,-1.23820289863312,-0.203858697984858,-0.276384713590922,-0.320673633104848,-0.20007199475284,-0.22074187712049,-1.55995935521622,-0.257797495032666,-0.362090764415188,-0.395584675840374,-0.439118741985343,-0.408430960518517,-1.08517820070355,-0.236230704147779,-0.329375458219936,-0.300019124221619,-0.31140616793537,-0.269415940939394
GmWMC155,-0.910504065663449,-0.322133688724603,-0.335959137382946,-0.327845746376578,-0.280557661865892,-0.376749734129803,-1.41183738997487,-0.226632908808834,-0.1809455965836,-0.227704036633872,-0.192404514832473,-0.208981852170258,-1.04484487369422,-0.29279266494535,-0.244217165360864,-0.308540236070644,-0.168833688883808,-0.474085207347389
GmWMC156,0.19305089753875,-0.690512189035065,-0.669817201084508,-0.688195085777537,-0.737064732856169,-0.690625249521742,-0.671227563768162,-1.11356062025756,-1.21857443443594,-1.17898293906123,-1.14031995288981,-1.17755204741786,0.286154917613541,-0.720475971171283,-0.747331821006737,-0.76448340165712,-0.84824335520905,-0.784779233737439
GmWMC157,-1.50113911639139,-0.702912854471481,-0.615873164945697,-0.734954635605139,-0.639193865054772,-0.599353206105187,-2.30056918142293,-0.619898008074215,-0.659070425722042,-0.742869467818662,-0.696557201734272,-0.738590055819669,-1.61757811722665,-0.701225024071924,-0.649509559944822,-0.788711346212927,-0.702253676697284,-0.759093079754284
GmJMC158,0.134764543848493,-0.133167518025327,-0.24713008633012,-0.241530729366098,-0.105092795405493,-0.359047766375824,-0.967471494250847,-0.256630985236818,-0.45003459567163,-0.501454309367145,-0.446296500622683,-0.503992366366488,-0.109111687077855,-0.0702779881943355,-0.25690277870446,-0.297079009447147,-0.281742199817176,-0.336595727275976
GmWMC159,-1.19675482489782,-0.728028992152819,-0.630813395082962,-0.597566606491543,-0.591634388826561,-0.685215920266295,-1.8562032856989,-1.37091622837753,-1.31142242912791,-1.23225768849836,-1.27164663248541,-1.36039064766436,-1.44011147838562,-0.713832996092579,-0.65570992322806,-0.630551955269971,-0.679172692482728,-0.711908889890005
GmWMC160,-1.40140468896584,-0.750263221654736,-0.706104994477833,-0.763877854843956,-0.67430213028531,-0.735214493159629,-1.41183738997487,-1.00208056682829,-0.985467172963326,-1.04249761746298,-0.802093518152479,-0.959243531995033,-1.48044480539494,-0.782082983388156,-0.684729593562679,-0.739899714771334,-0.717958294407376,-0.815825040842167
GmJMC161,0.174917365279559,0.112886679592617,0.240542449180495,0.175070291005246,0.0581376755891278,0.118462048070346,0.365626192921237,0.207937836546572,0.153109618705469,0.158810985688708,0.125385774919778,0.105240541476895,0.342621575426598,0.148959933613281,0.158235374937037,0.168075949745198,0.051761919268913,0.167397372075084
GmWMC162,-0.362612340975033,-0.184009684033373,-0.0630571277789754,-0.323696980552823,-0.213526477940069,-0.248028068287212,-0.0787397028027911,0.0215777490804482,-0.00945601106053946,-0.0714049151428558,-0.0148358632445485,0.0326947465706015,-0.520511622572981,-0.185326764119353,-0.100224473156709,-0.295997714981768,-0.140129793678209,-0.236656914127812
GmWMC163,-1.23043138480775,-0.438169667863305,-0.401415328730344,-0.393855317153774,-0.455652928082225,-0.437165704438401,-1.41183738997487,-0.655973259686644,-0.48518320065256,-0.517155970981345,-0.536829241549498,-0.557065636837974,-1.1658448547222,-0.456181851048883,-0.417883280179663,-0.304507496009879,-0.50859390483487,-0.490491157931859
GmWMC164,-0.827607918192861,0.227904285836611,0.0874842652670419,0.0297807164747349,0.097080826222956,0.0566507657546038,-0.0787397028027911,0.197096369436566,0.158345697434459,0.0206593970129229,0.0764195555468947,0.280744447230599,-0.585044945787902,0.184615141586912,0.0136840904133009,-0.00301917027111455,0.0321508759572598,0.083046881361475
GmWMC165,-0.695492183161612,-0.412632611302983,-0.417857803639499,-0.0481403346004021,-0.46749200612354,-0.37462371585256,-0.523105598526819,-0.389352396995082,-0.261418408970191,-0.321234903709133,-0.338058682784803,-0.361767301440567,-0.915778227264376,-0.497399160597024,-0.458751745865794,-0.195503621918943,-0.451461709393833,-0.480938712484585
GmWMC166,-0.689015921640472,-0.59869117845098,-0.593725816032206,-0.578432739711989,-0.553351817155374,-0.550071203129982,-0.374983633285477,-0.673779900362698,-0.682655566627268,-0.580187835225065,-0.508846078054506,-0.566296743166187,-0.843178238647589,-0.674202316650717,-0.643781298619028,-0.656139082099992,-0.590085366228182,-0.524259989715376
GmJMC167,0.808295742047019,0.26565155905333,0.106669127778212,0.294056564320174,0.136204155396767,0.228905818932425,0.51374815816258,0.414701125186579,0.329237105812092,0.300112245698264,0.366588753091143,0.300673614492772,0.97988814217395,0.243715539239124,0.248931746815335,0.340826273414067,0.297483505665926,0.314008058879771
GmWMC168,-1.11126817281878,-0.439157433026043,-0.553027001500264,-0.539509608999628,-0.493288145903498,-0.538543431614504,-1.70808132045756,-0.461486797598731,-0.534304392651993,-0.494982247461404,-0.507155209768305,-0.424576183400529,-1.20617818173152,-0.573708586802176,-0.632558092798496,-0.590234656323102,-0.540119500086535,-0.626842234881829
GmWMC169,-1.00505748387209,0.0152291231797384,0.0480102632546588,0.0240805124261898,0.0590278289980686,-0.0193673945334922,-1.11559345949219,-0.352215715750384,-0.353936297619751,-0.346671174817151,-0.342349937702955,-0.336160703010031,-1.10937819690914,-0.0876037706614198,-0.0961150901430147,-0.117786157169436,-0.0471266240711678,-0.0533036035696084
GmWMC170,-1.10738241590609,-0.658171192270262,-0.68924277107001,-0.643105311496177,-0.728494660098973,-0.768767395252783,-1.70808132045756,-1.33643783097938,-1.38067469672283,-1.37042363026186,-1.48317698614483,-1.49923834457583,-0.939978223469972,-0.740811287887905,-0.725818862966521,-0.745962785664522,-0.828153659574363,-0.780902172334658
GmWMC171,-0.437736974620253,-0.180469985934019,-0.140852510417597,-0.208452077115238,-0.152803426390801,-0.114611779859436,-0.819349529009504,-0.462600180086264,-0.537698656426962,-0.517706044148536,-0.417239851147469,-0.547323979571245,-0.576978280386037,-0.234102962627494,-0.125609773931255,-0.284309515849017,-0.210205555769996,-0.159469724219954
GmJMC172,-0.9221613364015,-0.0418213120139704,-0.0663196585478173,-0.0802511546383662,-0.0728358891477831,-0.116876855882549,-1.11559345949219,-0.0938159290386599,-0.299753281210409,-0.255807475881495,-0.170633019915329,-0.269515884847762,-0.939978223469972,-0.0245269751123852,-0.147817858498777,-0.132788370407949,-0.0958805478147851,-0.0607394348000414
GmWMC173,-0.37686011632154,-0.613458630111033,-0.545111544593703,-0.521339052320059,-0.533299202110741,-0.518493657852103,-0.374983633285477,-0.582607911445864,-0.604755784928701,-0.452601351850133,-0.581229155291124,-0.507623330976746,-0.447911633956194,-0.689135173905144,-0.607877162786812,-0.575879596357795,-0.665143669506914,-0.650204137969899
GmWMC174,-0.839265188930912,-0.0207482597002106,-0.0951980447841729,-0.11055498503046,0.0227341648983642,0.0619679958923588,-1.11559345949219,0.08513686580031,0.205055504021231,0.142172922767266,0.0797716646745786,0.167272278317577,-0.972244885077433,0.0144016640100807,-0.048618468386118,0.0234162487403267,-0.0316462607364221,-0.0171530220369811
GmWMC175,0.752599892965218,-0.229689443478879,-0.184541248881405,-0.189726564062315,-0.178131730227308,-0.266266426822786,0.661870123403921,-0.244449901866643,-0.224750171838349,-0.221378453771097,-0.200273115667307,-0.167770225692218,1.10895478860379,-0.290253626330529,-0.219057633436916,-0.277380568011363,-0.202986687841135,-0.2727657450283
GmWMC176,-0.77191206911106,-0.78754309173634,-0.817611562698078,-0.747455205275131,-0.780359680357478,-0.855626413658329,-1.55995935521622,-0.547046779388071,-0.502837815133594,-0.542820101572782,-0.522632440622654,-0.529915963563735,-0.883511565656915,-0.948118669830971,-1.02291489892112,-0.939103323517628,-1.01723407870319,-0.971261250205539
GmJMC177,-0.573738466564186,0.222572375782849,0.135197935877877,0.0639756911476984,0.0939220514032618,0.101686534967868,-0.967471494250847,0.0120165394299606,0.0376291859724799,-0.0725876911453191,-0.0364402832801446,-0.00985376864202425,-0.50437829176925,0.0666836254825368,0.188958513439125,0.095282231721742,0.124565966791229,0.126820300453008
GmWMC178,1.47794118333286,-0.0776836200107791,-0.125940785284939,-0.0182364052873758,0.0234871741097018,-0.0385698576942564,1.99496781057601,-0.030313048571102,-0.00348785596262548,-0.0229900284034894,-0.0188432056944616,-0.00922721380588219,0.96375481137022,-0.0142088782099664,-0.0899900933682813,0.0119954721624467,-0.02294763920804,0.0180780159427354
GmJMC179,0.891191889517606,0.0852920075444788,0.0984084041007226,0.097880779563982,0.157650659311881,0.159605669036599,1.25435798436929,0.184660945169855,0.177290552539727,-0.0202596432542489,0.211183831574281,0.272578882466929,1.21382143882804,0.175468921697811,0.161080992947567,0.149342361516265,0.248267634213921,0.15814645467217
GmJMC180,-1.09313464055959,-0.488932444676784,-0.571521012777932,-0.499727569726233,-0.389152322098734,-0.473020552370609,-1.41183738997487,-0.908150414146013,-0.933049369902135,-0.92260645987378,-0.808185358886396,-0.876018403397815,-0.980311550479298,-0.568282119858798,-0.582822257712427,-0.594737332506897,-0.48212719324944,-0.570791671915283
GmWMC181,-0.885894271883118,-0.294654104066359,-0.336189094239581,-0.207084975834277,-0.177265723710663,-0.348163974937838,0.217504227679894,-0.20463047473322,-0.189776323842778,-0.223243421966958,-0.157523191131195,-0.230129541825777,-0.996444881283029,-0.258924647080435,-0.292967007396295,-0.293688307526855,-0.254548288707117,-0.265063253530853
GmWMC182,-0.780978835240655,-0.331089549818608,-0.325695468795426,-0.35986677984638,-0.417618454007627,-0.361649047043385,-0.523105598526819,-0.353131968010888,-0.347286831354667,-0.334798582176591,-0.302945248256357,-0.34313018617508,-0.625378272797228,-0.358442363965952,-0.468810986908988,-0.418042240508598,-0.376841311592454,-0.316980282342127
GmWMC183,-1.12810645277374,-0.45490077958877,-0.37332043740902,-0.456150964416981,-0.384392550348341,-0.442844244350879,-0.374983633285477,-0.2094153497163,-0.152873201011699,-0.214505061664138,-0.141536160454907,-0.1375592482001,-1.05291153909609,-0.346802310942554,-0.391514531549496,-0.416844367656629,-0.39205524009905,-0.384403575848043
GmJMC184,2.19680621217936,0.350244200758389,0.363404367383921,0.350503835461471,0.346128466012768,0.306011400954234,1.40247994961064,0.462149580130917,0.58771378832017,0.408999606885806,0.398675174910592,0.460906322617914,1.81075467856607,0.4033556899837,0.401327980672809,0.276822515265412,0.356230312691048,0.364983943459254
GmWMC185,-0.543947663566943,-0.355736399483529,-0.242527177248273,-0.297110991476611,-0.255304893495656,-0.229937425066154,-0.374983633285477,-0.335206338508344,-0.375375129256283,-0.324957571307397,-0.321049640094524,-0.301601649136099,-0.447911633956194,-0.397272424916707,-0.21281522610575,-0.316374632537624,-0.264935564911513,-0.302641871688107
GmWMC186,-0.825017413584405,-0.399893748429264,-0.341633211807781,-0.414881916836506,-0.431606971489034,-0.499563461201275,-0.374983633285477,-0.511910604013135,-0.410255182635479,-0.404389204404142,-0.394358023879868,-0.408333151265702,-0.770578250030802,-0.532732693041441,-0.480640681975494,-0.475414196609757,-0.522272709736115,-0.565712319455903
GmWMC187,-0.156667224602792,-0.709195407801739,-0.672451722472265,-0.726978568961933,-0.72979784817791,-0.747189878212557,-0.671227563768162,-1.29576283989594,-1.25990434052759,-1.32496273442855,-1.3460811122054,-1.31859263585839,-0.343044983731946,-0.712301796618501,-0.770484759094068,-0.727993111530868,-0.8248718746794,-0.791720220254538
GmWMC188,-0.87812275805775,-0.523905236672441,-0.56909770579477,-0.562980442109216,-0.501341394262249,-0.556015592455384,-0.819349529009504,-0.578200684388095,-0.632133653831532,-0.662082662753106,-0.564213962503842,-0.657473748297152,-0.988378215881163,-0.558819788531557,-0.573191437936422,-0.651489462419294,-0.516677888712222,-0.571814240513371
GmWMC189,-1.19286906798514,-0.523118708907458,-0.547347960608961,-0.571320909338504,-0.533327254975998,-0.552844624184734,-0.374983633285477,-0.89557847986319,-0.873028938006226,-0.900663183317168,-0.88343496081447,-0.840842687953686,-1.05291153909609,-0.671914162292247,-0.603697103211556,-0.67545094484778,-0.597998325490219,-0.675066450794621
GmWMC190,-1.45321478113495,-0.638306180031197,-0.661317783549398,-0.653662131689887,-0.668026767091566,-0.545433559885835,-1.11559345949219,-0.604883543297532,-0.547220032411611,-0.692890502892169,-0.589823397149636,-0.92954617397538,-1.43204481298375,-0.793822802408269,-0.858537054803297,-0.909511526253836,-0.91084760101025,-0.571687780438708
GmWMC191,-0.953247391702971,-0.812447004142011,-0.799983449320023,-0.776608359828371,-0.742879719136744,-0.521749020379063,-0.0787397028027911,-0.895922732716575,-0.986909476237943,-0.977590387032611,-0.958028083977039,-0.936276184819103,-1.3513781589651,-0.829659215266239,-0.861993530667527,-0.8534462143077,-0.79390563635565,-0.596473356920405
GmWMC192,-1.09702039747227,-0.775751996387173,-0.783022530488419,-0.728034364190345,-0.726158022626005,-0.780617879914727,-1.8562032856989,-1.41159985432021,-1.36047004175112,-1.36871875407567,-1.393095023973,-1.40983774344412,-1.04484487369422,-0.783182721240258,-0.75220873768402,-0.732323251585754,-0.751326782981376,-0.803925005759786
C1329,1.34712070060584,-0.563360119036522,-0.536857309808203,-0.502834761929134,-0.493654995466842,-0.624102092436788,1.55060191485198,-0.269587024733303,-0.260266645334671,-0.126171833815136,-0.1913847868472,-0.266827702797324,0.79435483793105,-0.521960736866757,-0.483707960813882,-0.53048775789171,-0.452186934494771,-0.523821450772358
HOUJAKU_KUWAZU,-0.532233855877663,0.34947746195695,0.383730961286118,0.397729142387922,0.272366144507075,0.348723283418125,-0.323138398545571,0.458177031799065,0.379692913492192,0.442982623805228,0.456132001994342,0.404308429854595,-0.600366312147708,0.434841387347969,0.372956004934707,0.348752711598324,0.359330755592636,0.255106092831569
